{"cameraMode":{"drawMode":0,"name":"Shaded","section":"Shading Mode"},"sceneLighting":true,"audioPlay":false,"sceneViewState":{"m_AlwaysRefresh":false,"showFog":true,"showSkybox":true,"showFlares":true,"showImageEffects":true,"showParticleSystems":true,"showVisualEffectGraphs":true,"m_FxEnabled":true},"in2DMode":false,"pivot":{"x":3.981445789337158,"y":5.219466209411621,"z":0.587877631187439},"rotation":{"x":0.0007096159970387816,"y":0.9989089965820313,"z":0.01617331989109516,"w":-0.04467985779047012},"size":4.125638008117676,"orthographic":false}