{"cameraMode":{"drawMode":0,"name":"Shaded","section":"Shading Mode"},"sceneLighting":true,"audioPlay":true,"sceneViewState":{"m_AlwaysRefresh":false,"showFog":true,"showSkybox":true,"showFlares":true,"showImageEffects":true,"showParticleSystems":true,"showVisualEffectGraphs":true,"m_FxEnabled":true},"in2DMode":false,"pivot":{"x":5.3923726081848148,"y":2.548726797103882,"z":5.834309101104736},"rotation":{"x":-0.02245466411113739,"y":0.9572978019714356,"z":-0.27766990661621096,"w":-0.07742061465978623},"size":2.348877429962158,"orthographic":false}