{"cameraMode":{"drawMode":0,"name":"Shaded","section":"Shading Mode"},"sceneLighting":true,"audioPlay":false,"sceneViewState":{"m_AlwaysRefresh":false,"showFog":true,"showSkybox":true,"showFlares":true,"showImageEffects":true,"showParticleSystems":true,"showVisualEffectGraphs":true,"m_FxEnabled":true},"in2DMode":false,"pivot":{"x":-13.431283950805664,"y":13.72999382019043,"z":-79.15005493164063},"rotation":{"x":-0.0038363044150173666,"y":-0.9960857033729553,"z":-0.05352874845266342,"w":0.07094060629606247},"size":62.38661193847656,"orthographic":false}