{"cameraMode":{"drawMode":0,"name":"Shaded","section":"Shading Mode"},"sceneLighting":true,"audioPlay":false,"sceneViewState":{"m_AlwaysRefresh":false,"showFog":true,"showSkybox":true,"showFlares":true,"showImageEffects":true,"showParticleSystems":true,"showVisualEffectGraphs":true,"m_FxEnabled":true},"in2DMode":false,"pivot":{"x":-3.651845932006836,"y":4.4573211669921879,"z":-3.236024856567383},"rotation":{"x":0.0009545927750878036,"y":0.9789252877235413,"z":-0.2043675184249878,"w":0.004706916399300098},"size":28.16030502319336,"orthographic":false}